{
    "741984376501567559": {
        "email": "collektyv@gmail.com"
    },
    "309685684615249921": {
        "email": "douglasjapitana@gmail.com"
    },
    "756837510809780354": {
        "email": "poyhidalgo@gmail.com"
    },
    "709690873646022686": {
        "email": "emman.magbato.b2016094@gmail.com"
    },
    "757891189059092562": {
        "email": "huma21793@gmail.com"
    },
    "803530810476724244": {
        "email": "nathaniasantia1@gmail.com"
    },
    "537611007862767629": {
        "email": "rm.vistar@gmail.com"
    },
    "755710487441965116": {
        "email": "cmcvldz231@gmail.com"
    },
    "747623136190791690": {
        "email": "sbynsn@gmail.com"
    },
    "1014652084638982275": {
        "email": "aprilfaithgamboa4@gmail.com"
    },
    "1122009331676753951": {
        "email": "lovelenecarylescleto07@gmail.com"
    },
    "326915535721725966": {
        "email": "uytengsuadam@yahoo.com"
    },
    "746716370577653860": {
        "email": "ashley.arguelles.92@gmail.com"
    },
    "249348720620077056": {
        "email": "saad2179345@gmail.com"
    },
    "268249750216769537": {
        "email": "nielfranzs@gmail.com"
    },
    "436945919288672267": {
        "email": "hmjm.98@gmail.com"
    },
    "997498226888429599": {
        "email": "w270706@gmail.com"
    },
    "273794897616568322": {
        "email": "moezshoukat1@gmail.com"
    },
    "735579351147479070": {
        "email": "mayrarifat1@gmail.com"
    },
    "1130436289259372645": {
        "email": "ricabar.romeo091602@gmail.com"
    },
    "890423485510328361": {
        "email": "pornales.93@gmail.com"
    }
}