[
    {
        "salary_id": 5087,
        "user_id": 756837510809780354,
        "username": "fanboyniyeji",
        "coins": 4,
        "status": "Confirmed",
        "payment_mode": "Gcash"
    },
    {
        "salary_id": 5687,
        "user_id": 1014652084638982275,
        "username": "bibble_nori",
        "coins": 15.0,
        "status": "Confirmed",
        "payment_mode": "Gcash"
    },
    {
        "salary_id": 6581,
        "user_id": 268249750216769537,
        "username": ".nyel",
        "coins": 20.0,
        "status": "Pending",
        "payment_mode": "Gcash"
    }
]