{
    "1119983338594246656": {
        "exp": 2000000,
        "level": 18
    },
    "741984376501567559": {
        "exp": 20000000,
        "level": 18
    },
    "747623136190791690": {
        "exp": 200000,
        "level": 6
    },
    "309685684615249921": {
        "exp": 510.99999999999994,
        "level": 1,
        "coins": 0.0
    },
    "731530118199115827": {
        "coins": 99.1
    },
    "756837510809780354": {
        "coins": 77.0,
        "exp": 7700.0,
        "level": 1
    },
    "735579351147479070": {
        "exp": 28034.0,
        "level": 2,
        "coins": 280.34000000000003
    },
    "268249750216769537": {
        "exp": 2000,
        "level": 1,
        "coins": 0.0
    },
    "746716370577653860": {
        "exp": 17200.0,
        "level": 1,
        "coins": 172.0
    },
    "1014652084638982275": {
        "exp": 16500.0,
        "level": 1,
        "coins": 135.0
    },
    "757930957729955880": {
        "exp": 2000,
        "level": 1,
        "coins": 20
    },
    "709690873646022686": {
        "exp": 3600.0,
        "level": 1,
        "coins": 36.0
    },
    "759267853504348251": {
        "exp": 8400.0,
        "level": 1,
        "coins": 84.0
    },
    "757891189059092562": {
        "exp": 22403.0,
        "level": 2,
        "coins": 224.03
    },
    "997498226888429599": {
        "exp": 11800.0,
        "level": 1,
        "coins": 118.0
    },
    "1130436289259372645": {
        "exp": 9000.0,
        "level": 1,
        "coins": 90.0
    },
    "273794897616568322": {
        "exp": 5200.0,
        "level": 1,
        "coins": 52.0
    },
    "822437825253212193": {
        "exp": 22500.0,
        "level": 2,
        "coins": 225.0
    },
    "249348720620077056": {
        "exp": 3000.0,
        "level": 1,
        "coins": 30.0
    }
}